wp-comments-post.php,.,2323
wp-signup.php,.,34516
wp-mail.php,.,8727
wp-config-sample.php,.,3336
wp-cron.php,.,5617
license.txt,.,19903
index.php,.,405
wp-load.php,.,3937
wp-links-opml.php,.,2502
wp-login.php,.,51414
wp-blog-header.php,.,351
wp-settings.php,.,30081
wp-activate.php,.,7387
xmlrpc.php,.,3205
readme.html,.,7425
wp-trackback.php,.,5102
wp-config.php,.,3735
wp-cli.yml,.,38
edit-tags.php,wp-admin,22533
privacy-policy-guide.php,wp-admin,3756
profile.php,wp-admin,283
my-sites.php,wp-admin,4858
site-editor.php,wp-admin,12115
authorize-application.php,wp-admin,10335
options.php,wp-admin,13768
export-personal-data.php,wp-admin,7941
upload.php,wp-admin,15199
ms-sites.php,wp-admin,215
admin-footer.php,wp-admin,2834
ms-edit.php,wp-admin,216
edit-form-advanced.php,wp-admin,29527
site-health.php,wp-admin,10443
nav-menus.php,wp-admin,49417
menu-header.php,wp-admin,10059
load-styles.php,wp-admin,2995
admin-header.php,wp-admin,9336
options-media.php,wp-admin,6505
admin-functions.php,wp-admin,479
options-head.php,wp-admin,621
ms-admin.php,wp-admin,196
edit-tag-form.php,wp-admin,10688
load-scripts.php,wp-admin,2070
about.php,wp-admin,20107
media-new.php,wp-admin,3261
comment.php,wp-admin,11622
press-this.php,wp-admin,2396
edit-form-blocks.php,wp-admin,14713
post.php,wp-admin,10209
options-general.php,wp-admin,22095
ms-upgrade-network.php,wp-admin,219
link.php,wp-admin,2957
edit-form-comment.php,wp-admin,8543
async-upload.php,wp-admin,4983
ms-options.php,wp-admin,229
admin-ajax.php,wp-admin,5146
users.php,wp-admin,23838
index.php,wp-admin,7864
plugins.php,wp-admin,30724
privacy.php,wp-admin,2583
moderation.php,wp-admin,307
update-core.php,wp-admin,46519
upgrade.php,wp-admin,6477
link-parse-opml.php,wp-admin,2697
customize.php,wp-admin,11174
site-health-info.php,wp-admin,4088
media-upload.php,wp-admin,3668
ms-delete-site.php,wp-admin,4294
options-writing.php,wp-admin,9317
admin-post.php,wp-admin,2021
edit-comments.php,wp-admin,14726
revision.php,wp-admin,5851
options-privacy.php,wp-admin,10190
media.php,wp-admin,819
upgrade-functions.php,wp-admin,341
options-reading.php,wp-admin,10266
custom-background.php,wp-admin,489
edit.php,wp-admin,19952
setup-config.php,wp-admin,17904
custom-header.php,wp-admin,499
widgets-form-blocks.php,wp-admin,5086
tools.php,wp-admin,3514
widgets-form.php,wp-admin,19625
install.php,wp-admin,18374
ms-themes.php,wp-admin,217
themes.php,wp-admin,49276
link-manager.php,wp-admin,4361
freedoms.php,wp-admin,4645
options-permalink.php,wp-admin,21718
menu.php,wp-admin,17374
plugin-install.php,wp-admin,7124
contribute.php,wp-admin,5727
export.php,wp-admin,11288
term.php,wp-admin,2249
import.php,wp-admin,7766
update.php,wp-admin,13092
admin.php,wp-admin,12597
plugin-editor.php,wp-admin,13991
ms-users.php,wp-admin,215
post-new.php,wp-admin,2768
theme-editor.php,wp-admin,15964
erase-personal-data.php,wp-admin,7505
user-edit.php,wp-admin,40744
theme-install.php,wp-admin,23926
widgets.php,wp-admin,1112
link-add.php,wp-admin,934
credits.php,wp-admin,4212
network.php,wp-admin,5522
install-helper.php,wp-admin,6961
options-discussion.php,wp-admin,15767
